Clothing,FootWear,Furniture,Stationary,Electronics,Toys,Beauty And Personal Care,Sports And Fitness,Accessories,Baby Care,Home and Kitchen,Groceries,Medical,Vegetables and Fruits,Food
T-Shirts,Heels,Cabinets,Pen,Air purifier,Teddy Bear,Jewellery Vanity Case,Yoga Mats,Finger Ring,Elite Collection Medium Acrylic Sticker,Cleaner,Rice - Meals,Aspirin,Kashini greens,Pizza
Undershirt,Wedges,Bed,Paper,Air conditioner,Remote Control Car,Soap,Ball,Rubber bands,Cartoon Stickers,Repairing,Brown Basmati Rice,Anti-inflammatories,Pineapple juice,Burger
Henley Shirts,Shoes,Chair,Sharpner,Alarm clock,Barbie,Shower Cap,Football,Belt,Stickers,Disinfectant,Cracked Wheat,Vitamins,Thiland Juice,Spaghettie
Slips,Sneakers,Sofa,Eraser,Backup charger,Barbie House,Perfume,Bat,Wallet,Wallmantra Large Vinyl Stickers Sticker,Rugs,Flattened Rice (Poha),Antiseptic,Thiland Jelly,Pasta
Pyjama,Flats,Bench,Highlighter Pen,Bread maker,Playing Cards,Hand lotion,Helmet,Purse,Cradle,Sofa Covers,Puffed Rice (Kurmura),Tablets,Orange juice,French Fries
Shirts,Slippers,Couch,Pencil Case,Banknote counter,Uno,Razor,Pads,Handbag,Diaper,Blanket,"Rava (Cream of Wheat, Sooji)",Burnheal,Chikkadikai cleaned,Ice-Cream
Vestes,Flip-Flops,Rocker,Stapler,Blender,Robot,Tissues,Badminton Racket,Clutch,Nappies,Cushion,Whole-Wheat Durum Flour,Volin,Grapesh Tash ganesh,Fried Rice
Hoodies,Sandal,Stool,Whitener,Bluetooth speaker,Radio Flyer Wagon,Hand mirror,Golf Ball,Watch,Cradle,Cushion Cover,Atta Flour,Move Cream,Times Rose berry,Pancakes
Suits,Loafer,Throne,Notepads,Bulb,Chemistry Set,Wet wipe,Skates,Smartwatch,Bassinet,Curtain,Millet Flour,Bandage,Washington gala apple,Noodles
Tanks,Boot,Chests,Push-pin,Calculator,Joy Buzzer,Toothbrush,Skating Kit,Aerobars,Baby Wipe,Cleaner,Besan or Chickpea Flour,Elastic Tape,Chilles small cleaned (C.B.P),Pumpkin Pie
Jumpsuits,Ballet,Coffer,Drawing pin,Car toy,Yo-Yo,Sunscreen,Batting Gloves,Jewelry,Feeding Bottle,Mop,Tuvar Dalor Toor Dal (pigeon peas),Oxygen Mask,,Bagel
Overcoats,Pumps,Dresser,Paper clip,Ceiling fan,Pop-Up Book,Deodorant,Flying discs,Hats,Baby Rocker,Mop Fibre,Chana Dal,Oximeter,,Muffins
Cardigans,Mule,Wardrobe,Rubber stamp,Chandelier,Stuffed Mickey Mouse,Toothpaste,Nets,Bag,Baby Playpen,Curtain Rod,Urad Dal,Syringe,,Cake
Golf Shirts,Moccasin,Bureau,Marker,Clock,Finger Paint,Cotton swab,Racquets,Backpacks,Milk Powder,Vase,Moong Dal,Thermometer,Apple Chaina Delicious,Pastery
Waistcoats,Espadrille,Desk,Ballpoint,Clothes dryer,Sock Monkey,Tweezers,Rods and tackle,Necklaces,Cerelac,Lighting,Masoor Dal,Cuffs,Rumenia Mango,Cheese Cake
Bottoms,Brogues,Carrel,Tape dispenser,Coffee maker,Buck Rogers Rocket Pistol,Scissors,Wickets,Earrings,Sterilizer,Carpet,Rajma (red kidney beans),Microscope,Mosambi polo,Wafers
Suit Jackets,Mary Jane,Bookcase,Label,Computer,Microscope Set,Mouthwash,Mouth Guards,Bracelets,Nipple Shield,Hangings,Chickpeas or chole or garbanzo beans (chana),Doctor,S.mellon namdhari (Red),Chips
Sweatshirts,Stiletto,Table,Calculator,Copier,Beach Ball,Dental floss,Knee caps,Fedoras,Baby Pacifier,Décor,Moth or matki beans (tiny little brown beans),Dentist,S.mellon Local (Luck),Doritos
Jeans,SlingBack,Tripod,Glue,Curling iron,Red Ryder BB Gun,Comb,Shot rack,Cloches,Baby Pillow,Baskets,Whole Mung Beans,Crutch,Bore fruit,Tacos
Tops,Peep-toe,Washstand,Scissors,Digital camera,Army Men,Hair spray,Dumbells,Visors,Body Wash,Art Work,Black-eyed Peas or Chavli beans,Walkers,Butter fruit,Burrittos
Fancy Saree,Crocs,Sectionals,Sticky notes,Dishwasher,View-Master,Hair clip,Training Bench,Scrunchies,Body Oil,Paintings,Whole Masoor,Zandu Balm,Anjura/Fig,Shawrama
Salwar Kurta,,Chaises,Notebook,Doorbell camera,Bubble Solution,Hair band,Exercise Bike,Bow,Hair Oil,Dinner Ware,Peanuts,Head Rollon,Peas seeds,Frankie
Women Jeans,,SideBoard,Envelope,Drill,Little Golden Books,Hairbrush,Barbell Set,Headbands,Baby Lotion,Dinner Set,Vaal Dal (field beans),Vicks,Bread fruit,Pani Puri
T-shirts For Mens,,HeadBoard,Clipboard,Dvd player,Slinky,Bobby pin,Rope,Hairpins,Baby Powder Puff,Crockery,Red Chilli Powder,Abilify,Apple Chilli,Bhel
Formal Shirts For Mens,,Mirrors,Folder,Earphones,Magic 8 Ball,Hair dryer,Harnesses,Hair clips,Johnsons Baby Powder,Drapes,Paprika (Kashmiri chili powder),Abilify Maintena,Indian red globe,Shev Puri
Stylish Tie,,Mattresses,Punching Machine,Electric frying pan,Legos,Hair gel,Balance beam,Hair ties,Dabur Lal Tail,Gas Stove,Turmeric Powder,Abiraterone,Washington red apple,Vada Pav
Socks,,FlowerVase,Desk Tidy,Electric grill,Water Balloon,Toner,Catchers gear,Ribbons,Dabur Baby Care Poducts,Dish Washer,Black Mustard Seeds (rai),Acetaminophen,Tamarind Paste 150 gm,Salsa
Pants,,Ottamans,Note Holders,Electric guitar,Silly Putty,Kajal,Soccer boot,Headscarves,Huggies,Gas Cylinder,Cumin Seeds (jeera),Acetaminophen and Hydrocodone,Rice Bran 5 lt,KFC
Women's Cycling Shorts,,Mini Bars,Pen Cups,Electric pencil sharpener,Fisher-Price Little People,Makeup Mirror,wicket keeping gloves,Headpieces,Johnsons Baby,Mugs,Coriander Seeds,Acetylcysteine,Sungold oil 5 lt,Dominos
Carrel Printed Women's,,Shoe Rack,Ink Cartridges,Electric razor,Colorforms,BB cream,stumps,Eyewear,Pampers,Cups,Fennel Seeds (saunf),Actos,Ground nut oil 5 lt,Burger King
Boy's Round Neck T-Shirt,,Bean Bags,Toners,Electric stove,Paint-by-Numbers Kit,Brightener,Eye-shield,Goggles,Mamy Poko Pants,Saucer,Carom Seeds (ajwain),Acyclovir,Safal deep 500 ml,Pizza Hut
Lingerie Set,,Dinning Set,Card Holders,Exhaust fan,Mr. Potato Head,Hand Cream,Swimming goggles,Glares,Teddyy Baby,Mixing Bowl,Onion Seeds (kalonji),Adderall,Tamarind Paste 450 gm,Momos
Women's Leggings,,Swing,Files,External hard drive,Wiffle Ball,Makeup kit,Wet-suit,Specs,Nestle Baby,Grater,White Poppy Seeds (khus khus),Adderall XR,Sun safal Tin 15 lt,Appetite
Men's Cargos,,Drawers,Writing Pads,Fan,Matchbox Car,Nail polish,Swim Suit,Spectacles,Himalaya,Dish Rack,Fenugreek Seeds (methi),Advair Diskus,Sungold oil 5 lt packet,McDonalds
Net Embroidered Semi-stitched Lehenga Choli Material,,Home Temple,Personal Organizers,Facial cleansing machine,PEZ Dispenser,Lip gloss,Boxing gloves,Glasses,Baby Walkers,Metal Tongs,White Sesame Seeds (til),Advil,Pepper,Biscuits
Embroidered Women's Waistcoat,,Shelves,Register,Fax,Gumby,Face Compact,Punching bags,Sunglasses,Baby Swing,Whisk,Saffron,Afinitor,Stevia powder,Hot Dog
Dungaree,,Cot,,Fish tank,Play-Doh,Lip liner,Headgear,Apron,Stroller,Potato Masher,Cardamom pods (green) (hari elaichi),Aimovig,Coconut oil 500 ml,Bacon
Women's Straight Kurta,,,,Floor lamp,Tonka Truck,Lip balm,Hockey stick,Tie,Baby Wraps,Spoon,Cardamom pods (black) (kali elaichi),Ajovy,Jam 1 kg,Chicken Tandoori
Women's Anarkali Kurta,,,,Game controller,Frisbee,Foundation,Ice skates,Bow tie,Baby Bath Tub,Fork,Cloves (laung),Albuterol,Jam 1/2 kg,Chicken Tikka
Men's Zipper Solid Cardigan,,,,Hair dryer,Corn Popper,Makeup sponge,Table tennis,Umbrella,Manual Breast Pump,Pots,Cinnamon bark (dalchini),Aldactone,Jam 200 gm,Sausage
Women's A-line Kurta,,,,Headset,Two-Handed Pogo Stick,Eye Primer,Holsters,Earmuffs,Bio Oil,Utensils,Nutmeg (jaiphal),Alecensa,Jam 100 gm,Brownies
Men's Checkered Casual Shirt,,,,Inkjet printer,Hula Hoop,Eyeliner,Rinks,Mittens,,Ladle,Mace (javitri),Alendronate,Fanda,Donut
Men's Printed Casual Denim Shirt,,,,iPod,Barbie,Eyelash curler,Resistance Bands,Beret,,Aluminium Foil,Whole Black Peppercorns,Aleve,Chocolates Drink box,Sandwich
Slim Fit Men's Jeans,,,,Iron,Troll Doll,Eye shadow,Kettle-bell Set,Brooch,,Dish Cabinet,Bay Leaves (tej patta),Allegra,Kakadi,Cookies
Gloves,,,,Juicer,Plarail Toy Train,Lipstick,Pull-Up Frame and Bar,Barrette,,Knife,Whole Dry Red Chillies,Allopurinol,Corriander Leave,Gravy
Cap,,,,Kettle,Chatty Cathy,Mascara,Rowing Machine,,,Towel,Asafoetida (hing),Alprazolam,Curry leave,Soup
Solid Hip Hop Cap,,,,Kitchen scale,Etch A Sketch,Highlighter,Stationary Bicycle,,,Chopping Board,Garam Masala,Alunbrig,Dhantu greens,Paneer
Girl's Layered Pink Dress,,,,Hair straightening machine,Rock-a-Stack,Cleanser,Treadmill,,,Trash Bags,Biryani Masala,Amantadine,Ginger ooty,Sushi
Dress,,,,Laser printer,Ken,Tanning lotion,Jump Rope,,,Can Opener,Pav Bhaji Masala,Ambien,Pomegranate,Popcorn
Gown,,,,Lawn mower,Slip 'n Slide,Bronzer,Plyo-Box,,,Induction Top,Sambar Powder,Amiodarone,Pomegranate Bhagav,Shrimp
Lightweight Hoody Solid Men's Wind Cheater,,,,Lift,Chatter Telephone,Moisturizer,Weight Plates,,,Flash Light,Rasam Powder,Amitriptyline,Pomegranate A.raktha,Lasagna
Women's A-line Dress,,,,Meat grinder,G.I. Joe,Contour,Ripcords,,,Torch,Curry Powder,Amlodipine,Pomegranate Ganesh,Pudding
Formal Shirt,,,,Microphone,Easy-Bake Oven,Face cream,Stretch Buddy,,,Laundry Basket,Sesame oil,Amoxicillin,Papaya nati,Meat Balls
Women's Kurti,,,,Microwave,Creepy Crawlers,Makeup Setting Spray,Flex-cords,,,WastePaper Bin,Coconut oil,Amoxicillin and Clavulanate,Papaya Taiwan,Nachos
Women's Sheath Dress,,,,Mixer,Rock'em Sock'em Robots,Concealer,Elliptical trainer,,,Hangers,Mustard oil,Ampicillin,Papaya Red lady,Toast
Women's Nighty,,,,Monitor,Johnny Seven O.M.A.,Primer,Capsule pipe,,,Linens,vegetable oil,Anastrozole,Papaya sola,Breadsticks
Night Dress,,,,Mosquito racket,See 'n Say,Blush,Machines with pulley,,,Lampshades,canola or peanut oil,AndroGel,Pineapple,Garlicbread
Night Wear,,,,Mouse,SuperBall,Makeup Brush,Cable cross,,,Lamp,Jaggery,Annovera,Plum Ooty,Crepes
Track Pants,,,,Mp3 player,Barrel of Monkeys,Powder,Hack squat,,,Sewing Machine,Tamarind,Apalutamide,Plum Australia,Nuggets
Leggings,,,,Oil-free fryer,Radio-Controlled Car,Compact,Plates,,,Piano,Poppadums or papads,Apixaban,Peaches,Croissant
Top - Pyjama Set,,,,Piano,Lite-Brite,Powder puff,Protein Shake,,,Ladder,Golden raisins,Apokyn,Pomello/Chakotha,Calzone
Sweater,,,,Oven,Hot Wheels,Eyeliner,,,,Dustbin,Cashews,Apriso,Rose apple,Soda
Puffer Jacket,,,,Plotter,Playmobil,Blush brush,,,,Paper Towel Holder,Pistachios,Aptiom,Rampal,Milkshake
Jacket,,,,Pressure cooker,Flatsy Doll,Brow brush,,,,Decorative Item,Coconut milk,Aricept,Tamarind sweet 500gm,Beverages
Shorts,,,,Printer,Barbie's Dream House,Eye shadow,,,,Spatula,Alphonso Mango Pulp,Arimidex,Watermellon,Chocolate
Trousers,,,,Projector,NERF Ball,Eyebrow pencil,,,,Saute Pan,Kasoori Methi,Aripiprazole,Watermellon kiran,Bacon
ActiveWear,,,,Radiator,Weebles,Eyelash curler,,,,Kadahi,Curry Leaves,Aristada,S.mellon namdhari,Gums
Yoga Pants,,,,Radio,Paddington Bear,Hair Dye,,,,Stockpot,Coriander Leaves,Aromasin,Mosambi,Toffee
Yoga Tops,,,,Reading lamp,Baby Alive,Hair Styler,,,,Oven Mitts,Mint Leaves,Ascorbic acid,Sweet corn,
Necktie Men's Combo,,,,Refrigerator,Shrinky Dinks,Serum,,,,Ice Cube Tray,Shredded Coconut,Atenolol,Sweet corn cleaned,
Maxi Dress,,,,Remote control,Magna Doodle,Face Primer,,,,Tray,Green Chillies,Ativan,Sweet corn seeds spok,
Saaree,,,,Rice cooker,Rubik's Cube,Eye Primer,,,,Dishes,Milk,Atomoxetine,Batani kalu,
Dupatta,,,,Safe,Stretch Armstrong,Lip Primer,,,,Bowels,Butter,Atorvastatin,BaleDindu (Banana stem),
Scraf,,,,Robotic vacuum cleaner,Star Wars Action Figure,Liquid foundation,,,,Drinking Glass,Cheese,Atropine,Basale Greens,
Shawl,,,,Sandwich maker,Mattel Classic Football,Concealer Palette,,,,Cleaning Sprays,Lizol Liquid,Aubagio,Letteus Greens,
Kurti,,,,Scale,Simon,Contouring Kit,,,,Buckets,Spray,Augmentin,Onion flowers,
Raincoat,,,,Scanner,Speak & Spell,Bronzer,,,,Dustpan,Cooking Oil,Austedo,Chain Berry,
Women's Bikini Panty,,,,Sewing machine,Star Trek Electronic Phasers,Blush,,,,Mattress,Oatmeal,Avsola,Y.Bananan T.N.,
"Lehenga, Choli and Dupatta Set",,,,Smart television,Cabbage Patch Kids,Eye Liner,,,,Bedsheets,Pancake Mix,Azathioprine,Maize,
Lehenga,,,,Smartphone,Polly Pocket,Dental floss,,,,Bathroom Sink,Dokhla Mix,Azelastine,Byladha Hannu,
Choli,,,,Speakers,Slap Bracelet,FaceWash,,,,Shower,Beans,Azilect,Net rich 5 lt oil,
Dress Material,,,,Tablet,Masters of the Universe Action Figure,Conditioner,,,,Towel Rack,Meat,Azithromycin,Mineral water 1 lt,
Skirt,,,,Television,Glo Worm,Hair Serum,,,,Cloth,Fish,Azulfidine,Chikkadikai Round,
Tees,,,,Timer,Care Bear,Rose Water,,,,Plunger,Beef,,Indian kinora apple,
One Piece,,,,Toaster,My Little Pony,Sanitary pads,,,,Toilet Brush,Pork,Baclofen,South Africa Gala apple,
Two Piece,,,,Torch,Transformers,Sanitary Wipes,,,,Toilet Roll,Dry Fruits,Bactrim,Selari,
Bras,,,,USB drive,Teddy Ruxpin,Glycerine,,,,Frames,Nut Butter,Bactrim DS,Leeks,
Underwear,,,,Vacuum cleaner,Snoopy Sno-Cone Machine,Towels,,,,Armchairs,Sauces,Bactroban,Parsley,
Underpants,,,,Walkie-talkie,Pound Puppy,Handkerchief,,,,,Vinegar,Balsalazide,Litchi Juice,
T-Back,,,,Washing machine,Koosh Ball,Mask,,,,,Ketchup,Banzel,Apple juice,
Anarkali,,,,Watch,Teenage Mutant Ninja Turtles,Face Mask,,,,,Soya,Baqsimi,G. nut oil Rice 1 lt,
Salwar Suit,,,,Water pumps,Skip-It,N95,,,,,Mustard,Basaglar,G. nut oil safal deep1 lt,
Semi-Stiched Dress Material,,,,Water purifier,Glow Stick,Sanitizer,,,,,Mayonnaise,Bavencio,G. nut Golden oil 1 lt,
Joggers,,,,Wall fan,Wrestling Buddy,Deodorant,,,,,Salad dressing,Belbuca,G. nut sungold 1 lt,
Jersey,,,,Water heater,Little Tikes Log Cabin,,,,,,Yogurt,Belsomra,Rice Bran 15 lt Tin,
Stockings,,,,Webcam,Little Tikes Cozy Coupe Car,,,,,,Eggs,Benadryl,Pickles,
Thermal Base Layer,,,,Wifi modem,Super Soaker,,,,,,Margarine,Benazepril,Lime Pickles,
Beanies,,,,Security Camera,Beanie Baby,,,,,,Bread,Bendeka,mango Pickles,
Mid Layer and Fleece,,,,Electric Deep Fryer,Buzz Lightyear,,,,,,Waffles,Benicar,Pickles mixed veg,
Neck Warmer,,,,Charger,American Girl Doll,,,,,,Prawns,Benlysta,Avarebele (F. Beans spok),
Head Warmer,,,,Mobile Phone,Tickle Me Elmo,,,,,,Crabs,Bentyl,Avare seed (FB seeds),
,,,,Ipad,Furby,,,,,,Steak,Benzonatate,Brucoli,
,,,,Laptop,Neodymium-Magnet Toy,,,,,,Turkey,Benztropine,Mushroom Oyster,
,,,,Mouse,Bratz,,,,,,Salmon,Berinert,Onion medium,
,,,,HardDisk,Mindflex,,,,,,,Betamethasone,Onion Big,
,,,,HardDrive,Zhu Zhu,,,,,,,Bethanechol,Jack fruit,
,,,,Fan,Action Figure,,,,,,,Biaxin,Indian Black globe Grapes,
,,,,Oven,,,,,,,,Bicalutamide,Papaya red indian,
,,,,Keyboard,,,,,,,,Biktarvy,Mango,
,,,,Mic,,,,,,,,Biotin,Mango Badami,
,,,,Tv,,,,,,,,Bisacodyl,Mango Alphans,
,,,,Heater,,,,,,,,Bismuth subsalicylate,Onion small(Economy),
,,,,Cooler,,,,,,,,Bisoprolol,Mango Raspuri,
,,,,AC,,,,,,,,Blincyto,Onion samber,
,,,,,,,,,,,,Boniva,Peas local,
,,,,,,,,,,,,Botox,Peas Delhi,
,,,,,,,,,,,,Breo Ellipta,Berry fruit Ooty,
,,,,,,,,,,,,Breztri Aerosphere,Berry Soft,
,,,,,,,,,,,,Brilinta,Berry Delhi,
,,,,,,,,,,,,Brimonidine,Ber fruit/Bore fruit,
,,,,,,,,,,,,Briviact,Cherry fruit,
,,,,,,,,,,,,Bromfed DM,Cherry kashmir,
,,,,,,,,,,,,Bromocriptine,Cashew nut,
,,,,,,,,,,,,Brukinsa,Dates,
,,,,,,,,,,,,Bryhali,Dry dates,
,,,,,,,,,,,,Budesonide,Dates seedless,
,,,,,,,,,,,,Bumetanide,Dry apricot,
,,,,,,,,,,,,Bumex,Badami,
,,,,,,,,,,,,Bunavail,Dry fruit mixed,
,,,,,,,,,,,,Buprenex,Jambo fruit(Nerale),
,,,,,,,,,,,,Buprenorphine,Bottle Gourd,
,,,,,,,,,,,,Buprenorphine & Naloxone,Chow-Chow,
,,,,,,,,,,,,Bupropion,Cucumber,
,,,,,,,,,,,,Buspar,Cucumber Nati,
,,,,,,,,,,,,Buspirone,Cucumber Israle,
,,,,,,,,,,,,Bydureon,Cucumber Ooty,
,,,,,,,,,,,,Azithral 500 Tablet,Mangalore cucumber,
,,,,,,,,,,,,Sinarest New Tablet,Cluster Bean Local,
,,,,,,,,,,,,Sumo Cold Tablet,Capsicum,
,,,,,,,,,,,,Stugeron Tablet,Mango Sendura,
,,,,,,,,,,,,Minerals,Mango Bygan palli,
,,,,,,,,,,,,Vital Z,Mango malagova,
,,,,,,,,,,,,ORS,Mango mallika,
,,,,,,,,,,,,Dolo,Mango thotapuri,
,,,,,,,,,,,,Tube,Mango kalapadu,
,,,,,,,,,,,,Drop,Mango Neelam,
,,,,,,,,,,,,Vaccine,Mango Dasheri,
,,,,,,,,,,,,Antiseptic creams,Mango Langada,
,,,,,,,,,,,,Adhesive bandages,Mango Kesar,
,,,,,,,,,,,,Tape and sterile gauze,Mango Amarpalli,
,,,,,,,,,,,,Muscle pain spray or tube,Mango rathnagiri(red),
,,,,,,,,,,,,Thermometer,Mango Alphans box,
,,,,,,,,,,,,Allergy medicine,Mango sakkaregutti,
,,,,,,,,,,,,Latex Gloves,Orange,
,,,,,,,,,,,,Analgesic – pain killers,Orange Nagpura,
,,,,,,,,,,,,Crepe bandages,Orange Ooty,
,,,,,,,,,,,,Dettol,Orange Australia,
,,,,,,,,,,,,Savlon,Tomoto,
,,,,,,,,,,,,Small scissors,Thogari kai,
,,,,,,,,,,,,Antibiotic ointments,Mango Raw Amblet,
,,,,,,,,,,,,Alcohol-free cleansing wipes,Mango Raw,
,,,,,,,,,,,,Smoke Alarm,Capsicum 1,
,,,,,,,,,,,,Fire Extinguisher,Capsicum Red/Yellow,
,,,,,,,,,,,,Fire Blanket,Chillies Green,
,,,,,,,,,,,,First Aid Box,Chillies Bajji,
,,,,,,,,,,,,Batteries,Chillies Cleaned,
,,,,,,,,,,,,Drill Machine,Chillies small (C.B.P),
,,,,,,,,,,,,Measuring Tape,Carrot ooty,
,,,,,,,,,,,,Heavy Duty Packaging Tape,Carrot Delhi,
,,,,,,,,,,,,Step Ladder,Carrot Nati,
,,,,,,,,,,,,Screws & Screwdrivers,Cowpea Local,
,,,,,,,,,,,,Electricity Taster,Cowpea Long,
,,,,,,,,,,,,Wire Cutter,Coconut (B),
,,,,,,,,,,,,Hammer,Coconut (M),
,,,,,,,,,,,,Spare Light Bulbs,Coconut (S),
,,,,,,,,,,,,Batteries,Coconut (OS),
,,,,,,,,,,,,Wrenches,Cabbage,
,,,,,,,,,,,,Laundry Basket,Cabbage Red,
,,,,,,,,,,,,Laundry Tub,Cabbage chaina,
,,,,,,,,,,,,Washing Machine,Cauliflower(B),
,,,,,,,,,,,,Iron,Copra,
,,,,,,,,,,,,Ironing Board,Honney 1/2,
,,,,,,,,,,,,Clothes Horse,Honney 1 Kg,
,,,,,,,,,,,,,Honney 200 gm,
,,,,,,,,,,,,,Honney 100 gm,
,,,,,,,,,,,,,Gulkan 1 kg,
,,,,,,,,,,,,,Gulkan 1/2 kg,
,,,,,,,,,,,,,Gulkan 1/4 kg,
,,,,,,,,,,,,,Cluster Beans Bunches,
,,,,,,,,,,,,,Cucumber white,
,,,,,,,,,,,,,Kashini (Ganike) Greens,
,,,,,,,,,,,,,Sweet corn seeds,
,,,,,,,,,,,,,Bale hoovu(B.flower),
,,,,,,,,,,,,,Jukani,
,,,,,,,,,,,,,Banana cooking R.Banana,
,,,,,,,,,,,,,Avarekai (Field Beans ),
,,,,,,,,,,,,,Grapes T.S.,
,,,,,,,,,,,,,Herali kai,
,,,,,,,,,,,,,Ladys finger,
,,,,,,,,,,,,,Little gourd,
,,,,,,,,,,,,,Lime Local,
,,,,,,,,,,,,,Grapes Red globe,
,,,,,,,,,,,,,Grapes Dry 250gm,
,,,,,,,,,,,,,Grapes Dry 100gm,
,,,,,,,,,,,,,Lime Bijapur,
,,,,,,,,,,,,,Mushroom Button,
,,,,,,,,,,,,,Mushroom Milky,
,,,,,,,,,,,,,Cauliflower(M),
,,,,,,,,,,,,,Cauliflower(S),
,,,,,,,,,,,,,Cauliflower per Kg,
,,,,,,,,,,,,,Cherry Tomoto,
,,,,,,,,,,,,,Drumstik,
,,,,,,,,,,,,,Double Beans seeds,
,,,,,,,,,,,,,Double Beans,
,,,,,,,,,,,,,Ground nut Local,
,,,,,,,,,,,,,Ground nut Hybrid,
,,,,,,,,,,,,,Ginger,
,,,,,,,,,,,,,Ginger New,
,,,,,,,,,,,,,Garlic,
,,,,,,,,,,,,,Garlic cleaned,
,,,,,,,,,,,,,Chikadi kai,
,,,,,,,,,,,,,knol-khol,
,,,,,,,,,,,,,Arive greens,
,,,,,,,,,,,,,Eggs,
,,,,,,,,,,,,,Chakota greens,
,,,,,,,,,,,,,Onion pack,
,,,,,,,,,,,,,Potato pack,
,,,,,,,,,,,,,Chilakarive green,
,,,,,,,,,,,,,Chillies Bajji yagani,
,,,,,,,,,,,,,Baby corn,
,,,,,,,,,,,,,Baby corn cleaned,
,,,,,,,,,,,,,Berry Southafrica,
,,,,,,,,,,,,,Berry Golden,
,,,,,,,,,,,,,Berry ball,
,,,,,,,,,,,,,Berry Green,
,,,,,,,,,,,,,Apple Premium,
,,,,,,,,,,,,,Malenian apple,
,,,,,,,,,,,,,Nagapur Orange Economy,
,,,,,,,,,,,,,South Af.red berry,
,,,,,,,,,,,,,Jumbu juice,
,,,,,,,,,,,,,Brahmi amla juice,
,,,,,,,,,,,,,Pomegranate Juice,
,,,,,,,,,,,,,N.Juice 200 ml,
,,,,,,,,,,,,,Amla,
,,,,,,,,,,,,,Beans,
,,,,,,,,,,,,,Beans Nati,
,,,,,,,,,,,,,Beans Ring,
,,,,,,,,,,,,,Beans Fruit,
,,,,,,,,,,,,,Beans cleaned,
,,,,,,,,,,,,,Brinjal long,
,,,,,,,,,,,,,Brinjal (W),
,,,,,,,,,,,,,Brinjal (R),
,,,,,,,,,,,,,Brinjal Bottle,
,,,,,,,,,,,,,Brinjal Mlore,
,,,,,,,,,,,,,Beet Root,
,,,,,,,,,,,,,Yam/S.Root,
,,,,,,,,,,,,,Bitter Gourd,
,,,,,,,,,,,,,Mint Leaves,
,,,,,,,,,,,,,Menthya Greens,
,,,,,,,,,,,,,Palak Greens,
,,,,,,,,,,,,,Apple Delicious,
,,,,,,,,,,,,,Apple Simla,
,,,,,,,,,,,,,Apple Economy,
,,,,,,,,,,,,,Apple Washington,
,,,,,,,,,,,,,Apple Australia,
,,,,,,,,,,,,,Apple Newzeland,
,,,,,,,,,,,,,Apple Fuji chaina,
,,,,,,,,,,,,,Apple hazarath palli,
,,,,,,,,,,,,,Apple Green smith,
,,,,,,,,,,,,,Apple Golden delicious,
,,,,,,,,,,,,,Banana pachabale,
,,,,,,,,,,,,,Banana Yellaki,
,,,,,,,,,,,,,Banana chandra,
,,,,,,,,,,,,,Banana Nendra,
,,,,,,,,,,,,,Banana karpura,
,,,,,,,,,,,,,Banana Rasabale,
,,,,,,,,,,,,,Chicco(Sapota) rapined,
,,,,,,,,,,,,,Custerd Apple,
,,,,,,,,,,,,,Chicco(Sapota),
,,,,,,,,,,,,,Guava,
,,,,,,,,,,,,,Guava Allahabad(Red),
,,,,,,,,,,,,,Grapes Blore blue,
,,,,,,,,,,,,,Orange malt,
,,,,,,,,,,,,,Orange South Africa,
,,,,,,,,,,,,,Peas Dharwad,
,,,,,,,,,,,,,Peas Ooty,
,,,,,,,,,,,,,Pumpkin Ash,
,,,,,,,,,,,,,Pumpkin Red,
,,,,,,,,,,,,,Pumpkin Japan,
,,,,,,,,,,,,,Potato(M),
,,,,,,,,,,,,,Potato(B),
,,,,,,,,,,,,,Potato(S),
,,,,,,,,,,,,,Potato Baby,
,,,,,,,,,,,,,Sweet Potato(Genasu),
,,,,,,,,,,,,,Raddish,
,,,,,,,,,,,,,Raddish Red,
,,,,,,,,,,,,,Sponge Gourd,
,,,,,,,,,,,,,Snake Gourd,
,,,,,,,,,,,,,Snake Gourd(S),
,,,,,,,,,,,,,Sham gadde,
,,,,,,,,,,,,,Spring Onion,
,,,,,,,,,,,,,Spring Onion(Cleaned),
,,,,,,,,,,,,,Parvala,
,,,,,,,,,,,,,Greens Sabbakki,
,,,,,,,,,,,,,Molake kalu,
,,,,,,,,,,,,,Hesaru kalu,
,,,,,,,,,,,,,GrapesAnabi shahi,
,,,,,,,,,,,,,Grapes Dilkush,
,,,,,,,,,,,,,Grapes Sharad,
,,,,,,,,,,,,,Grapes Rose,
,,,,,,,,,,,,,Grapes Sonika,
,,,,,,,,,,,,,Grapes Flame,
,,,,,,,,,,,,,Grapes Krishna sharad,
,,,,,,,,,,,,,Grapes Crimson,
,,,,,,,,,,,,,Komark fruit,
,,,,,,,,,,,,,Kiwi fruit,
,,,,,,,,,,,,,Litchi Local,
,,,,,,,,,,,,,Litchi Taiwan/chaina,
,,,,,,,,,,,,,Straw Berry,
,,,,,,,,,,,,,Tender Coconut,
,,,,,,,,,,,,,Tender Coconut(M),
,,,,,,,,,,,,,Tamrind Chatisghar,
,,,,,,,,,,,,,Tamarind seedless,
,,,,,,,,,,,,,Thinda,
,,,,,,,,,,,,,Dates Arebian,
,,,,,,,,,,,,,Pista,
,,,,,,,,,,,,,Tender Coconut(S),
,,,,,,,,,,,,,Tender Coco packed,
,,,,,,,,,,,,,Fruit Juice Tailand,
,,,,,,,,,,,,,G.oil Net rich 500 ml,
,,,,,,,,,,,,,Ground nut oil 1 lt,
,,,,,,,,,,,,,G.nut oil Premium1 lt,
,,,,,,,,,,,,,G.nut oil Rice Bron 1 lt,
,,,,,,,,,,,,,Chocolates Drink box,
,,,,,,,,,,,,,Fanda,
,,,,,,,,,,,,,Jam 100 gm,
,,,,,,,,,,,,,Jam 200 gm,
,,,,,,,,,,,,,Jam 1/2 kg,
,,,,,,,,,,,,,Jam 1 kg,
,,,,,,,,,,,,,Coconut oil 500 ml,
,,,,,,,,,,,,,Stevia powder,
,,,,,,,,,,,,,Pepper,
,,,,,,,,,,,,,Sungold oil 5 lt packet,
,,,,,,,,,,,,,Sun safal Tin 15 lt,
,,,,,,,,,,,,,Tamarind Paste 450 gm,
,,,,,,,,,,,,,Safal deep 500 ml,
,,,,,,,,,,,,,Ground nut oil 5 lt,
,,,,,,,,,,,,,Sungold oil 5 lt,
,,,,,,,,,,,,,Rice Bran 5 lt,
,,,,,,,,,,,,,Tamarind Paste 150 gm,
,,,,,,,,,,,,,Washington red apple,
,,,,,,,,,,,,,Indian red globe,
,,,,,,,,,,,,,Apple Chilli,
,,,,,,,,,,,,,Bread fruit,
,,,,,,,,,,,,,Peas seeds,
,,,,,,,,,,,,,Anjura/Fig,
,,,,,,,,,,,,,Butter fruit,
,,,,,,,,,,,,,Bore fruit,
,,,,,,,,,,,,,S.mellon Local (Luck),
,,,,,,,,,,,,,S.mellon namdhari (Red),
,,,,,,,,,,,,,Mosambi polo,
,,,,,,,,,,,,,Rumenia Mango,
,,,,,,,,,,,,,Apple Chaina Delicious,